name	scenes	title	page	url
phone_sad	01-3	スマートフォンを使う女性のイラスト「喜・怒・哀・楽」	https://www.irasutoya.com/2013/05/blog-post_1558.html	https://blogger.googleusercontent.com/img/b/R29vZ2xl/AVvXsEhKyTBnw4gubSxJ49gI_K1GMpjpwR0QVNeFCgipBddi4rOgBhWfn-xfmO55ln0-GRwHOPa9s8uL2pgPyB_mY-btp4ZpF0qdfETI8p9K1A7eTo2VVQMpVjXqOytjJnKDZtVd_d21zN0wAws/s800/smartphone_woman_komari.png
headache	06-11	頭を抱えて悩んでいる人のイラスト（女性）	https://www.irasutoya.com/2014/09/blog-post_81.html	https://blogger.googleusercontent.com/img/b/R29vZ2xl/AVvXsEhpEDjrOOEHsB6iSz7JA-C5Y8EXSmcqcdZAZI7vLAZ4rVMVUlv85Az1YaVdPFSW3L5DhBy56OqGQ_bX_g-xqZSygyOeR7icRGPWFDMfu0uf5JQHCAnpUPwshtXVDMTDCYrh0gQWzZyE09PW/s800/pose_atama_kakaeru_woman.png
imagine	06-12	想像している人のイラスト（女性）	https://www.irasutoya.com/2015/02/blog-post_23.html	https://blogger.googleusercontent.com/img/b/R29vZ2xl/AVvXsEhr2t-1Tel6zajn_ytUpgsAJ3H0xj1ujr-ZrXH3JQD1YonyWsK5oNcpVvwgOaSGIv9CCVTfWB53I8K9zX_yw-e7qh5vJuDmGhQHx1P1MxoQZXTYn-pfuiZfz5xMSZnECI5WZ834Jgeu8Ptl/s800/pose_souzou_woman.png
phone_smile	06-13	スマートフォンを使う女性のイラスト「喜・怒・哀・楽」	https://www.irasutoya.com/2013/05/blog-post_1558.html	https://blogger.googleusercontent.com/img/b/R29vZ2xl/AVvXsEjo8vH80mt_Pde0jZP7vn2aHakMW86EhkP4MtFlf67Y4SDNWN1yA8YQzTXhnHFKwPC2qCgD1OWUaJh4TBxbLJgKCT9v1oSk8LAB2Zph9Whm0qm1Wx8k4nCtgX5gqZLFSRW0eHwad_E_b-8/s800/smartphone_woman_smile.png
scales	03-6	いろいろな状態の天秤のイラスト	https://www.irasutoya.com/2020/09/blog-post_346.html	https://blogger.googleusercontent.com/img/b/R29vZ2xl/AVvXsEj09byEIYDgc21oyAaoqQa1uDnPYjm3oy3kJnrEX2fiew0rY1k7s1NU_rs9YuSM2UF8dV-Plho4e20RVwcv0rpDgM8z0-2EpK3F6FMul5RymHfg6JVw_O3wXNJE869SxFFl0HCe3OCeYXVe/s1600/tenbin3_bundou_unbalanced.png
gaman	03-6	苦手な上司を我慢する人のイラスト（女性）	https://www.irasutoya.com/2018/08/blog-post_93.html	https://blogger.googleusercontent.com/img/b/R29vZ2xl/AVvXsEhBH6LNkJgZXkR6BED5Cy3BWP7Hr0Kw4irx5QjU1xnqIEYPxRcPCYURIbeXwI5an68QGXloW11GUl1-7On5tGSYn7twry09aoOSPUB_G-1QCS2eClMVU2t9T2q6aa5Uc_tKNVogLQpGiB0p/s800/kaisya_nigate_joushi_woman_woman.png
letter	05-4	手紙を読む人のイラスト（女性）	https://www.irasutoya.com/2020/06/blog-post_98.html	https://blogger.googleusercontent.com/img/b/R29vZ2xl/AVvXsEj5SBwuTWlluGOvVUXvffVaiCFhgkUVs0d1b5Y6FMZv9MI6lpPZf8g5cytfxsepU3g6PyweUQkZWcjAneARj4rWftckZDeqDers0OaX3WB3Jhhk92rIm0twG3y2rx3L2udI6l-Z8b9hdQCC/s1600/tegami_yomu_woman_binsen.png
album	05-4	思い出のアルバムのイラスト	https://www.irasutoya.com/2014/03/blog-post_3212.html	https://blogger.googleusercontent.com/img/b/R29vZ2xl/AVvXsEgTqZOANeO2tT2qKP3ZxiXB0Y3Eedl-O-b268TW3SXRmY8J8UHFKB1UUD4PB6wo3soFEliDACPAmlvt_bLvIjLOK24puE_CJdXFri3Fux6pcHTeyiFyashJothBBQnHxFBvVElExlayD1o/s800/album_photo.png
scorpio	06-8	さそり座のイラスト（星座）	https://www.irasutoya.com/2014/05/blog-post_5103.html	https://blogger.googleusercontent.com/img/b/R29vZ2xl/AVvXsEhqE5a2uRQMnqvp63StM0zfd7Sjzg6bNr4STA0AnonyyNvqYJ5kDIg8q9fbI4QH2wjKzwW4QxXGKksa_EsSMH-dbmSq5_vTUJ3ZaaeDAeRdj4hCnXHl_O7zgXJMS8KwoH3roRm2Nz21GdU/s800/seiza08_sasori.png
leo	06-8	獅子座のイラスト（星座）	https://www.irasutoya.com/2014/05/blog-post_5911.html	https://blogger.googleusercontent.com/img/b/R29vZ2xl/AVvXsEhy8VPTIicYx-Zu4S6pL0kMAz80Ii2RN_Gzta96bsFv235ec01FwPCO3hi2GNPLmQMFOHNB-n1LDBLDLWj4Qu3TPNOdJ4q8RtU2aWuMD00NIt53eQYSOwdWdCwsiooDEUBQuTp71M3XyF4/s800/seiza05_shishi.png
arrest	11-3〜11-5、11-10	逮捕のイラスト	https://www.irasutoya.com/2014/07/blog-post_2033.html	https://blogger.googleusercontent.com/img/b/R29vZ2xl/AVvXsEguXyvJ-oOY2q5rDYgpxTUw246zPK5oyMTcNczq7H09rikeY0xk0Aef0cHl9rDvcxvQBo9LGms2nPYtUSzcv2xqKiw2VssZv5-fNJelqXK7zr4k6KR_Vy2bp-yCardErNGwpxaS9PTmR4s/s800/taiho.png
couple	11-5	手をつなぐカップル・夫婦のイラスト	https://www.irasutoya.com/2015/05/blog-post_2.html	https://blogger.googleusercontent.com/img/b/R29vZ2xl/AVvXsEi_K7QWiDgZeXEAg7Y99wixWhpKmflkGuqlW7HW7rR3YD5xX2CyPwC8jIzLmTO34P_x0EDGV4kYGw_vf72EQDGVWUNnYffXvNBl7NWDU0BcbgtPG1y1W8TbrsnWtZnEIq1ESievc80T5KA/s800/couple_man_woman.png
lake	11-10〜11-11	湖のイラスト	https://www.irasutoya.com/2013/12/blog-post_650.html	https://blogger.googleusercontent.com/img/b/R29vZ2xl/AVvXsEhe4WwEKU9jamBBpr6GEPi5ksOeB0MkVRjGwM69dtmWuyRbK2qpIQuPUiduDrsPDNeTftNgnniBs0pE3qJiljfOVnimh2K5L04j87HfV8PTiOk-vGn_-eSb3b7NxA91JYvR514SWWdSp9tf/s800/mizuumi.png
write	11-6	いろいろな表情の紙に何かを書く人のイラスト（女性）	https://www.irasutoya.com/2016/12/blog-post_340.html	https://blogger.googleusercontent.com/img/b/R29vZ2xl/AVvXsEgGhTJLTMgFwLEAHL3gYi9jfB1o6-5zuiaTDq8HJKR24fqqCIJ9R4K6MaVnJJH2l2V-9rtWekWamkynxGUi6d0qmIW4h5NSfjp_pGBv0Mk1_CfxVeuwUFlPgEyM2tphGX_c7Kf6QgVk_uuz/s800/writing_woman1_smile.png
write_smile	12-3〜12-6	いろいろな表情の紙に何かを書く人のイラスト（女性）	https://www.irasutoya.com/2016/12/blog-post_340.html	https://blogger.googleusercontent.com/img/b/R29vZ2xl/AVvXsEh6E9FPukBtKX_Kk_YnMF5SPS5ufkHj1Hfcb8OZvhSklPxEnGs1gNAjzLdYVJ45Pvi2exKxZ16oalPXPHfBcsyW46IFifIW1H6QhSlxFnTw91chIkGSxQpmMBpw8u6CH0XNKv5kS4yWQv_T/s800/writing_woman4_laugh.png
fullmoon	13-3	十五夜のイラスト「満月と月見団子」	https://www.irasuton.com/2013/03/blog-post_6262.html	https://blogger.googleusercontent.com/img/b/R29vZ2xl/AVvXsEjQVihC6xoX3T7PFxp2g85AtpnqumXY_VxCj_x8UVmJruSvKdIxUJImkUPzTgBdqjpMex1JPVkDthdHwN1nx23x4QHCKOabwewdCawYZXiCOAtTpKKquaAQYH8o-qIKWgmiyivsTMb8edI/s1600/otsukimi_dango_susuki.jpg
cow	13-3	牛のイラスト（丑年・干支）	https://www.irasuton.com/2013/03/blog-post_3682.html	https://blogger.googleusercontent.com/img/b/R29vZ2xl/AVvXsEihshyfyBASrpB3r7Ke0X59tgI00hDxsqJvvKak75tr0wakJHHP1H9ooayFZ3X4_tmXiSpBRJQKst6NPMO_fCuz2J1BFYh000cZle3R_HZJ5cL4SAE-wi60stX6bmDcicl2zmdbgw-7zFI/s1600/eto02_ushi.jpg
dandelion	03-5	わたぼうしのイラスト（花）	https://www.irasuton.com/2013/05/blog-post_22.html	https://blogger.googleusercontent.com/img/b/R29vZ2xl/AVvXsEjFuoXv5Xd0Zk_u5KGldMfzwsR3pXoe4wFXUS06J-HHzy2_bAEiQDnezgakgk1Ufsnw8VZnH9HoRtOLZpeWjuN73i_tDW2amjzyw-wzuVGMxUs7_DG-6PV6r9XW3hEDo4G6jcMkYo5E8KRj/s1600/flower_wataboushi.jpg
milkyway	08-6	天の川のイラスト	https://www.irasuton.com/2013/02/blog-post_7236.html	https://blogger.googleusercontent.com/img/b/R29vZ2xl/AVvXsEj0h0Ax-jIfTCsnBKn5y1U5aqWADRIQydtbBKWfQaOYSghU7GOtk80LxSTtQiLGEWtYJaNfDVP2pp-SIdXH77cvFQdBNiDmNAsKLDCU8Bqy3iIwiPSYN4MSrHitaisOYnIh41Y1XKiq3Vs/s1600/tanabata_amanogawa.jpg
thinking	10-6	考え事をする女性のフリーイラスト素材	https://illust-navi.com/thinking-girl/	https://illust-navi.com/download/00179/?wpdmdl=1105
guide	12-1	案内する女性のフリーイラスト素材	https://illust-navi.com/please-girl/	https://illust-navi.com/download/00173/?wpdmdl=1077
laptop_memo	12-7	女性会社員がノートパソコンの前でメモを取っているイラスト	https://illust-navi.com/00304-businnes-woman/	https://illust-navi.com/download/00304/?wpdmdl=1839
